Pairs,"Distance (km)",
0-0,1.04312e-05,
0-1,11.1127,
0-2,122.818,
1-0,11.1127,
1-1,7.23213e-06,
1-2,122.314,
2-0,122.818,
2-1,122.314,
2-2,7.22595e-06,
